Workbook

Sheet 📊 Overview & Trends
D1: 💲REVENUE OVERVIEW & TRENDS
B2: PAST 90 DAYS | E2: PAST 6 MONTHS | H2: PAST 12 MONTHS | N2: > 12 MONTHS
B3: MAR | C3: FEB 26 | D3: JAN 26 | E3: DEC 25 | F3: NOV 25 | G3: OCT 25 | H3: SEP 25 | I3: AUG 25 | J3: JUL 25 | K3: JUN 25 | L3: MAY 25 | M3: APR 25 | N3: MAR 25 | O3: FEB 25 | P3: JAN 25 | Q3: DEC 24 | R3: NOV 24 | S3: OCT 24 | T3: SEP 24 | U3: AUG 24 | V3: JUL 24 | W3: JUN 24
A4: VIDEO
A5: YT VIDEOS | B5: 1 | C5: 3528.49 | D5: 4193.08 | E5: 14418.95 | F5: 7986.27 | G5: 4882.45 | H5: 2508.56 | I5: 5206.7 | J5: 7649.82 | K5: 3012.39 | L5: 3811.41 | M5: 784.31 | N5: 2319.51 | O5: 155.61 | P5: 105.36 | Q5: 98.28 | R5: 228.9 | S5: 200.99 | T5: 310.61 | U5: 2135.04 | V5: 1745.68 | W5: 2662.66
A6: YT SHORTS | B6: 1 | C6: 284.47 | D6: 182.65 | E6: 277.36 | F6: 234.24 | G6: 108.64 | H6: 81.51 | I6: 236.08 | J6: 243.56 | K6: 75.32 | L6: 18.7 | M6: 12.98 | N6: 20.86 | O6: 10.68 | P6: 6.18 | Q6: 5.42 | R6: 3.96 | S6: 2.18 | T6: 2.09 | U6: 5.11 | V6: 2.73 | W6: 9.28
A7: YT LIVES | B7: 1 | C7: 3774.16 | D7: 878.91 | E7: 1.28 | F7: 1.29 | G7: 0.82 | H7: 1.42 | I7: 1.4 | J7: 2.18 | K7: 180.18 | L7: 31.21 | M7: 42.47 | N7: 8.46 | O7: 186.16 | P7: 3.47 | Q7: 14.26 | R7: 6.38 | S7: 134.5 | T7: 8.16 | U7: 1702.04 | V7: 1210.78 | W7: 3030.49
A8: CULTURE GENESIS | B8: 1 | C8: TBD | D8: 676.74 | E8: 2887.07 | F8: 3155.81 | G8: 1520.75 | H8: 365.06 | I8: 714.93 | J8: N/A | K8: N/A | L8: N/A | M8: N/A | N8: N/A | O8: N/A | P8: N/A | Q8: N/A | R8: N/A | S8: N/A | T8: N/A | U8: N/A | V8: N/A
A9: UPTIDES | B9: 1 | C9: 7.68 | D9: N/A | E9: N/A | F9: N/A | G9: N/A | H9: N/A | I9: N/A | J9: N/A | K9: N/A | L9: N/A | M9: N/A | N9: N/A | O9: N/A
A10: AUDIO | B10: 1 | C10: 0 | D10: 631.81 | E10: 1441.56 | F10: 2218.64 | G10: 837.92 | H10: 918.7 | I10: 89.6 | J10: N/A | K10: N/A | L10: N/A | M10: N/A | N10: N/A | O10: N/A | P10: N/A | Q10: N/A | R10: N/A | S10: N/A | T10: N/A | U10: N/A | V10: N/A
A11: BRANDS | B11: 1 | C11: 45000 | D11: N/A | E11: N/A | F11: N/A | G11: N/A | H11: N/A | I11: N/A | J11: N/A | K11: N/A | L11: N/A | M11: N/A | N11: N/A | O11: N/A
A12: SOCIAL | B12: 1 | C12: N/A | D12: N/A | E12: N/A | F12: N/A | G12: N/A | H12: N/A | I12: N/A | J12: N/A | K12: N/A | L12: N/A | M12: N/A | N12: N/A | O12: N/A | P12: N/A | Q12: N/A | R12: N/A | S12: N/A | T12: N/A | U12: N/A | V12: N/A
A13: MERCH | B13: 1 | C13: N/A | D13: N/A | E13: N/A | F13: N/A | G13: N/A | H13: N/A | I13: N/A | J13: N/A | K13: N/A | L13: N/A | M13: N/A | N13: N/A | O13: N/A | P13: N/A | Q13: N/A | R13: N/A
A14: TOTAL | B14: =SUM(B5:B8,B10:B13) | C14: =SUM(C5:C8,C10:C13) | D14: =SUM(D5:D8,D10:D13) | E14: =SUM(E5:E8,E10:E13) | F14: =SUM(F5:F8,F10:F13) | G14: =SUM(G5:G8,G10:G13) | H14: =SUM(H5:H8,H10:H13) | I14: =SUM(I5:I8,I10:I13) | ... W14: =SUM(W5:W8,W10:W13)

Sheet 💸 Pay Tracker
A1: Completion Date | B1: Period | C1: Source | D1: Type | E1: Expected Amount | F1: Expected Pay Date | G1: Amount | H1: Pay Date | I1: Pay Time | J1: Variance Amount | K1: Report | L1: RTS Status | M1: RDM Status | N1: Quarter | O1: Notes
A2: 46127 | C2: Backyard Ventures | D2: Various | H2: 46127
A3: 46112 | B3: 46107
A4: 46081 | B4: 46079 | C4: Acast | D4: DAI | E4: 0
A5: 46081 | B5: 46079
A6: 46053 | B6: 46048 | C6: Acast | D6: DAI | E6: 630.51
A7: 45991 | B7: 46351 | C7: Culture Genesis | D7: Direct Sold | E7: 3155.81 | F7: 46036 | G7: 3155.81 | H7: 46030 | I7: =H7-A7 | J7: =G7-E7 | K7: Road Trippin' Podcast_2025-11 (Direct Sold).pdf | L7: PAID | N7: Q2
A8: 46053 | B8: 46048 | C8: YouTube | D8: AdSense | E8: 5171.85 | F8: 46076 | G8: 5171.85 | H8: 46079 | I8: =H8-A8 | K8: Road Trippin' Podcast_2026-01 (AdSense).pdf | L8: PAID | N8: Q2
A9: 46022 | B9: 46381 | C9: Acast | D9: DAI | E9: 1441.56 | G9: 0 | L9: UNPAID | M9: PENDING | N9: Q1
A10: 46022 | B10: 46381 | C10: Culture Genesis | D10: Direct Sold | E10: 2887.07 | F10: 46066 | G10: 2887.07 | H10: 46057 | I10: =H10-A10 | J10: =G10-E10 | K10: Road Trippin' Podcast_2025-12 (Direct Sold).pdf | L10: PAID | N10: Q2
A11: 46022 | B11: 46381 | C11: YouTube | D11: AdSense | E11: 14697.59 | F11: 46045 | G11: 14841.11 | H11: 46048 | I11: =H11-A11 | K11: Road Trippin' Podcast_2025-12 (AdSense).pdf | L11: PAID | N11: Q2
A12: 46005 | B12: 46381 | C12: Threads | D12: Presenting | E12: 45000 | G12: 45000 | H12: 46066 | I12: =H12-A12 | K12: Threads Payment Receipt_2.13.26.jpeg | L12: PAID | N12: Q2 | O12: 10% of $50k to manager
A13: 45991 | B13: 46351 | C13: Acast | D13: DAI | E13: 2219.65 | G13: 0 | H13: 46000 | I13: =H13-A13 | L13: UNPAID | M13: PENDING | N13: Q1
A14: 45991 | B14: 46351 | C14: YouTube | D14: AdSense | E14: 8221.8 | F14: 46014 | G14: 8454.69 | H14: 46014 | I14: =H14-A14 | J14: =G14-E14 | K14: Road Trippin' Podcast_2025-11 (AdSense).pdf | L14: PAID | N14: Q1
A15: 45961 | B15: 46320 | C15: Acast | D15: DAI | E15: 837.92 | G15: 0 | H15: 45972 | I15: =H15-A15 | L15: UNPAID | M15: PAID | N15: Q1
A16: 45961 | B16: 46320 | C16: Culture Genesis | D16: Direct Sold | E16: 1520.75 | F16: 46006 | G16: 1520.75 | H16: 46009 | I16: =H16-A16 | J16: =G16-E16 | K16: Road Trippin' Podcast_2025-10 (Direct Sold).pdf | L16: PAID | N16: Q1
A17: 45961 | B17: 46320 | C17: YouTube | D17: AdSense | E17: 4991.91 | F17: 45986 | G17: 4991.91 | H17: 45986 | I17: =H17-A17 | J17: =G17-E17 | K17: Road Trippin' Podcast_2025-10 (AdSense).pdf | L17: PAID | N17: Q1
A18: 45930 | B18: 46290 | C18: Acast | D18: DAI | E18: 918.7 | G18: 0 | H18: 45937 | I18: =H18-A18 | L18: UNPAID | M18: PAID | N18: Q0
A19: 45930 | B19: 46290 | C19: Culture Genesis | D19: Direct Sold | E19: 365.06 | F19: 45975 | G19: 365.06 | H19: 45974 | I19: =H19-A19 | J19: =G19-E19 | K19: Road Trippin' Podcast_2025-09 (Direct Sold).pdf | L19: PAID | N19: Q0
A20: 45930 | B20: 46290 | C20: YouTube | D20: AdSense | E20: 2591.49 | F20: 45954 | G20: 2600.29 | H20: 45953 | I20: =H20-A20 | J20: =G20-E20 | K20: Road Trippin' Podcast_2025-09 (AdSense).pdf | L20: PAID | N20: Q0
A21: 45900 | B21: 46259 | C21: Acast | D21: DAI | E21: 89.6 | H21: 45937 | I21: =H21-A21 | L21: UNPAID | M21: PAID | N21: Q0
A22: 45900 | B22: 46259 | C22: Culture Genesis | D22: Direct Sold | E22: 714.93 | F22: 45945 | G22: 714.93 | H22: 45973 | I22: =H22-A22 | J22: =G22-E22 | K22: Road Trippin' Podcast_2025-08 (Direct Sold).pdf | L22: PAID | N22: Q0
A23: 45900 | B23: 46259 | C23: YouTube | D23: AdSense | E23: 5444.18 | F23: 45925 | G23: 5603.22 | H23: 45925 | I23: =H23-A23 | J23: =G23-E23 | K23: Road Trippin' Podcast_2025-08 (AdSense).pdf | L23: PAID | N23: Q0
C24: Happy Jewelers | D24: Direct Sold | E24: 0

Sheet 📈 Monthly & Quarterly
A1: MONTHLY & QUARTERLY REVENUE
A2: Season: Oct 2025 - Sep 2026
A3: Month | B3: YouTube | C3: Culture Genesis | D3: Acast | E3: Backyard Ventures | F3: Other | G3: MONTHLY TOTAL
A4: Oct 2025 | B4: =SUMPRODUCT(('💸 Pay Tracker'!$C$2:$C$80="YouTube")*(MONTH('💸 Pay Tracker'!$A$2:$A$80)=10)*(YEAR('💸 Pay Tracker'!$A$2:$A$80)=2025),'💸 Pay Tracker'!$G$2:$G$80)+SUMPRODUCT(('💸 Pay Tracker'!$C$2:$C$80="YouTube")*(MONTH('💸 Pay Tracker'!$A$2:$A$80)=10)*(YEAR('💸 Pay Tracker'!$A$2:$A$80)=2025)*('💸 Pay Tracker'!$G$2:$G$80=""),'💸 Pay Tracker'!$E$2:$E$80) | C4: =SUMPRODUCT(('💸 Pay Tracker'!$C$2:$C$80="Culture Genesis")*(MONTH('💸 Pay Tracker'!$A$2:$A$80)=10)*(YEAR('💸 Pay Tracker'!$A$2:$A$80)=2025),'💸 Pay Tracker'!$G$2:$G$80)+SUMPRODUCT(('💸 Pay Tracker'!$C$2:$C$80="Culture Genesis")*(MONTH('💸 Pay Tracker'!$A$2:$A$80)=10)*(YEAR('💸 Pay Tracker'!$A$2:$A$80)=2025)*('💸 Pay Tracker'!$G$2:$G$80=""),'💸 Pay Tracker'!$E$2:$E$80) | D4: =SUMPRODUCT(('💸 Pay Tracker'!$C$2:$C$80="Acast")*(MONTH('💸 Pay Tracker'!$A$2:$A$80)=10)*(YEAR('💸 Pay Tracker'!$A$2:$A$80)=2025),'💸 Pay Tracker'!$G$2:$G$80)+SUMPRODUCT(('💸 Pay Tracker'!$C$2:$C$80="Acast")*(MONTH('💸 Pay Tracker'!$A$2:$A$80)=10)*(YEAR('💸 Pay Tracker'!$A$2:$A$80)=2025)*('💸 Pay Tracker'!$G$2:$G$80=""),'💸 Pay Tracker'!$E$2:$E$80) | F4: =SUMPRODUCT(('💸 Pay Tracker'!$C$2:$C$80<>"YouTube")*('💸 Pay Tracker'!$C$2:$C$80<>"Culture Genesis")*('💸 Pay Tracker'!$C$2:$C$80<>"Acast")*('💸 Pay Tracker'!$C$2:$C$80<>"")*(MONTH('💸 Pay Tracker'!$A$2:$A$80)=10)*(YEAR('💸 Pay Tracker'!$A$2:$A$80)=2025),'💸 Pay Tracker'!$G$2:$G$80) | G4: =SUM(B4:F4)
A5: Nov 2025 | B5: =SUMPRODUCT(('💸 Pay Tracker'!$C$2:$C$80="YouTube")*(MONTH('💸 Pay Tracker'!$A$2:$A$80)=11)*(YEAR('💸 Pay Tracker'!$A$2:$A$80)=2025),'💸 Pay Tracker'!$G$2:$G$80)+SUMPRODUCT(('💸 Pay Tracker'!$C$2:$C$80="YouTube")*(MONTH('💸 Pay Tracker'!$A$2:$A$80)=11)*(YEAR('💸 Pay Tracker'!$A$2:$A$80)=2025)*('💸 Pay Tracker'!$G$2:$G$80=""),'💸 Pay Tracker'!$E$2:$E$80) | C5: =SUMPRODUCT(('💸 Pay Tracker'!$C$2:$C$80="Culture Genesis")*(MONTH('💸 Pay Tracker'!$A$2:$A$80)=11)*(YEAR('💸 Pay Tracker'!$A$2:$A$80)=2025),'💸 Pay Tracker'!$G$2:$G$80)+SUMPRODUCT(('💸 Pay Tracker'!$C$2:$C$80="Culture Genesis")*(MONTH('💸 Pay Tracker'!$A$2:$A$80)=11)*(YEAR('💸 Pay Tracker'!$A$2:$A$80)=2025)*('💸 Pay Tracker'!$G$2:$G$80=""),'💸 Pay Tracker'!$E$2:$E$80) | D5: =SUMPRODUCT(('💸 Pay Tracker'!$C$2:$C$80="Acast")*(MONTH('💸 Pay Tracker'!$A$2:$A$80)=11)*(YEAR('💸 Pay Tracker'!$A$2:$A$80)=2025),'💸 Pay Tracker'!$G$2:$G$80)+SUMPRODUCT(('💸 Pay Tracker'!$C$2:$C$80="Acast")*(MONTH('💸 Pay Tracker'!$A$2:$A$80)=11)*(YEAR('💸 Pay Tracker'!$A$2:$A$80)=2025)*('💸 Pay Tracker'!$G$2:$G$80=""),'💸 Pay Tracker'!$E$2:$E$80) | F5: =SUMPRODUCT(('💸 Pay Tracker'!$C$2:$C$80<>"YouTube")*('💸 Pay Tracker'!$C$2:$C$80<>"Culture Genesis")*('💸 Pay Tracker'!$C$2:$C$80<>"Acast")*('💸 Pay Tracker'!$C$2:$C$80<>"")*(MONTH('💸 Pay Tracker'!$A$2:$A$80)=11)*(YEAR('💸 Pay Tracker'!$A$2:$A$80)=2025),'💸 Pay Tracker'!$G$2:$G$80) | G5: =SUM(B5:F5)
A6: Dec 2025 | B6: =SUMPRODUCT(('💸 Pay Tracker'!$C$2:$C$80="YouTube")*(MONTH('💸 Pay Tracker'!$A$2:$A$80)=12)*(YEAR('💸 Pay Tracker'!$A$2:$A$80)=2025),'💸 Pay Tracker'!$G$2:$G$80)+SUMPRODUCT(('💸 Pay Tracker'!$C$2:$C$80="YouTube")*(MONTH('💸 Pay Tracker'!$A$2:$A$80)=12)*(YEAR('💸 Pay Tracker'!$A$2:$A$80)=2025)*('💸 Pay Tracker'!$G$2:$G$80=""),'💸 Pay Tracker'!$E$2:$E$80) | C6: =SUMPRODUCT(('💸 Pay Tracker'!$C$2:$C$80="Culture Genesis")*(MONTH('💸 Pay Tracker'!$A$2:$A$80)=12)*(YEAR('💸 Pay Tracker'!$A$2:$A$80)=2025),'💸 Pay Tracker'!$G$2:$G$80)+SUMPRODUCT(('💸 Pay Tracker'!$C$2:$C$80="Culture Genesis")*(MONTH('💸 Pay Tracker'!$A$2:$A$80)=12)*(YEAR('💸 Pay Tracker'!$A$2:$A$80)=2025)*('💸 Pay Tracker'!$G$2:$G$80=""),'💸 Pay Tracker'!$E$2:$E$80) | D6: =SUMPRODUCT(('💸 Pay Tracker'!$C$2:$C$80="Acast")*(MONTH('💸 Pay Tracker'!$A$2:$A$80)=12)*(YEAR('💸 Pay Tracker'!$A$2:$A$80)=2025),'💸 Pay Tracker'!$G$2:$G$80)+SUMPRODUCT(('💸 Pay Tracker'!$C$2:$C$80="Acast")*(MONTH('💸 Pay Tracker'!$A$2:$A$80)=12)*(YEAR('💸 Pay Tracker'!$A$2:$A$80)=2025)*('💸 Pay Tracker'!$G$2:$G$80=""),'💸 Pay Tracker'!$E$2:$E$80) | F6: =SUMPRODUCT(('💸 Pay Tracker'!$C$2:$C$80<>"YouTube")*('💸 Pay Tracker'!$C$2:$C$80<>"Culture Genesis")*('💸 Pay Tracker'!$C$2:$C$80<>"Acast")*('💸 Pay Tracker'!$C$2:$C$80<>"")*(MONTH('💸 Pay Tracker'!$A$2:$A$80)=12)*(YEAR('💸 Pay Tracker'!$A$2:$A$80)=2025),'💸 Pay Tracker'!$G$2:$G$80) | G6: =SUM(B6:F6)
A7: Q1 (Oct-Dec '25) | B7: =SUM(B4:B6) | C7: =SUM(C4:C6) | D7: =SUM(D4:D6) | F7: =SUM(F4:F6) | G7: =SUM(G4:G6)
A8: Jan 2026 | B8: =SUMPRODUCT(('💸 Pay Tracker'!$C$2:$C$80="YouTube")*(MONTH('💸 Pay Tracker'!$A$2:$A$80)=1)*(YEAR('💸 Pay Tracker'!$A$2:$A$80)=2026),'💸 Pay Tracker'!$G$2:$G$80)+SUMPRODUCT(('💸 Pay Tracker'!$C$2:$C$80="YouTube")*(MONTH('💸 Pay Tracker'!$A$2:$A$80)=1)*(YEAR('💸 Pay Tracker'!$A$2:$A$80)=2026)*('💸 Pay Tracker'!$G$2:$G$80=""),'💸 Pay Tracker'!$E$2:$E$80) | C8: =SUMPRODUCT(('💸 Pay Tracker'!$C$2:$C$80="Culture Genesis")*(MONTH('💸 Pay Tracker'!$A$2:$A$80)=1)*(YEAR('💸 Pay Tracker'!$A$2:$A$80)=2026),'💸 Pay Tracker'!$G$2:$G$80)+SUMPRODUCT(('💸 Pay Tracker'!$C$2:$C$80="Culture Genesis")*(MONTH('💸 Pay Tracker'!$A$2:$A$80)=1)*(YEAR('💸 Pay Tracker'!$A$2:$A$80)=2026)*('💸 Pay Tracker'!$G$2:$G$80=""),'💸 Pay Tracker'!$E$2:$E$80) | D8: =SUMPRODUCT(('💸 Pay Tracker'!$C$2:$C$80="Acast")*(MONTH('💸 Pay Tracker'!$A$2:$A$80)=1)*(YEAR('💸 Pay Tracker'!$A$2:$A$80)=2026),'💸 Pay Tracker'!$G$2:$G$80)+SUMPRODUCT(('💸 Pay Tracker'!$C$2:$C$80="Acast")*(MONTH('💸 Pay Tracker'!$A$2:$A$80)=1)*(YEAR('💸 Pay Tracker'!$A$2:$A$80)=2026)*('💸 Pay Tracker'!$G$2:$G$80=""),'💸 Pay Tracker'!$E$2:$E$80) | F8: =SUMPRODUCT(('💸 Pay Tracker'!$C$2:$C$80<>"YouTube")*('💸 Pay Tracker'!$C$2:$C$80<>"Culture Genesis")*('💸 Pay Tracker'!$C$2:$C$80<>"Acast")*('💸 Pay Tracker'!$C$2:$C$80<>"")*(MONTH('💸 Pay Tracker'!$A$2:$A$80)=1)*(YEAR('💸 Pay Tracker'!$A$2:$A$80)=2026),'💸 Pay Tracker'!$G$2:$G$80) | G8: =SUM(B8:F8)
A9: Feb 2026 | B9: =SUMPRODUCT(('💸 Pay Tracker'!$C$2:$C$80="YouTube")*(MONTH('💸 Pay Tracker'!$A$2:$A$80)=2)*(YEAR('💸 Pay Tracker'!$A$2:$A$80)=2026),'💸 Pay Tracker'!$G$2:$G$80)+SUMPRODUCT(('💸 Pay Tracker'!$C$2:$C$80="YouTube")*(MONTH('💸 Pay Tracker'!$A$2:$A$80)=2)*(YEAR('💸 Pay Tracker'!$A$2:$A$80)=2026)*('💸 Pay Tracker'!$G$2:$G$80=""),'💸 Pay Tracker'!$E$2:$E$80) | C9: =SUMPRODUCT(('💸 Pay Tracker'!$C$2:$C$80="Culture Genesis")*(MONTH('💸 Pay Tracker'!$A$2:$A$80)=2)*(YEAR('💸 Pay Tracker'!$A$2:$A$80)=2026),'💸 Pay Tracker'!$G$2:$G$80)+SUMPRODUCT(('💸 Pay Tracker'!$C$2:$C$80="Culture Genesis")*(MONTH('💸 Pay Tracker'!$A$2:$A$80)=2)*(YEAR('💸 Pay Tracker'!$A$2:$A$80)=2026)*('💸 Pay Tracker'!$G$2:$G$80=""),'💸 Pay Tracker'!$E$2:$E$80) | D9: =SUMPRODUCT(('💸 Pay Tracker'!$C$2:$C$80="Acast")*(MONTH('💸 Pay Tracker'!$A$2:$A$80)=2)*(YEAR('💸 Pay Tracker'!$A$2:$A$80)=2026),'💸 Pay Tracker'!$G$2:$G$80)+SUMPRODUCT(('💸 Pay Tracker'!$C$2:$C$80="Acast")*(MONTH('💸 Pay Tracker'!$A$2:$A$80)=2)*(YEAR('💸 Pay Tracker'!$A$2:$A$80)=2026)*('💸 Pay Tracker'!$G$2:$G$80=""),'💸 Pay Tracker'!$E$2:$E$80) | F9: =SUMPRODUCT(('💸 Pay Tracker'!$C$2:$C$80<>"YouTube")*('💸 Pay Tracker'!$C$2:$C$80<>"Culture Genesis")*('💸 Pay Tracker'!$C$2:$C$80<>"Acast")*('💸 Pay Tracker'!$C$2:$C$80<>"")*(MONTH('💸 Pay Tracker'!$A$2:$A$80)=2)*(YEAR('💸 Pay Tracker'!$A$2:$A$80)=2026),'💸 Pay Tracker'!$G$2:$G$80) | G9: =SUM(B9:F9)
A10: Mar 2026 | B10: =SUMPRODUCT(('💸 Pay Tracker'!$C$2:$C$80="YouTube")*(MONTH('💸 Pay Tracker'!$A$2:$A$80)=3)*(YEAR('💸 Pay Tracker'!$A$2:$A$80)=2026),'💸 Pay Tracker'!$G$2:$G$80)+SUMPRODUCT(('💸 Pay Tracker'!$C$2:$C$80="YouTube")*(MONTH('💸 Pay Tracker'!$A$2:$A$80)=3)*(YEAR('💸 Pay Tracker'!$A$2:$A$80)=2026)*('💸 Pay Tracker'!$G$2:$G$80=""),'💸 Pay Tracker'!$E$2:$E$80) | C10: =SUMPRODUCT(('💸 Pay Tracker'!$C$2:$C$80="Culture Genesis")*(MONTH('💸 Pay Tracker'!$A$2:$A$80)=3)*(YEAR('💸 Pay Tracker'!$A$2:$A$80)=2026),'💸 Pay Tracker'!$G$2:$G$80)+SUMPRODUCT(('💸 Pay Tracker'!$C$2:$C$80="Culture Genesis")*(MONTH('💸 Pay Tracker'!$A$2:$A$80)=3)*(YEAR('💸 Pay Tracker'!$A$2:$A$80)=2026)*('💸 Pay Tracker'!$G$2:$G$80=""),'💸 Pay Tracker'!$E$2:$E$80) | D10: =SUMPRODUCT(('💸 Pay Tracker'!$C$2:$C$80="Acast")*(MONTH('💸 Pay Tracker'!$A$2:$A$80)=3)*(YEAR('💸 Pay Tracker'!$A$2:$A$80)=2026),'💸 Pay Tracker'!$G$2:$G$80)+SUMPRODUCT(('💸 Pay Tracker'!$C$2:$C$80="Acast")*(MONTH('💸 Pay Tracker'!$A$2:$A$80)=3)*(YEAR('💸 Pay Tracker'!$A$2:$A$80)=2026)*('💸 Pay Tracker'!$G$2:$G$80=""),'💸 Pay Tracker'!$E$2:$E$80) | F10: =SUMPRODUCT(('💸 Pay Tracker'!$C$2:$C$80<>"YouTube")*('💸 Pay Tracker'!$C$2:$C$80<>"Culture Genesis")*('💸 Pay Tracker'!$C$2:$C$80<>"Acast")*('💸 Pay Tracker'!$C$2:$C$80<>"")*(MONTH('💸 Pay Tracker'!$A$2:$A$80)=3)*(YEAR('💸 Pay Tracker'!$A$2:$A$80)=2026),'💸 Pay Tracker'!$G$2:$G$80) | G10: =SUM(B10:F10)
A11: Q2 (Jan-Mar '26) | B11: =SUM(B8:B10) | C11: =SUM(C8:C10) | D11: =SUM(D8:D10) | F11: =SUM(F8:F10) | G11: =SUM(G8:G10)
A12: Apr 2026 | B12: =SUMPRODUCT(('💸 Pay Tracker'!$C$2:$C$80="YouTube")*(MONTH('💸 Pay Tracker'!$A$2:$A$80)=4)*(YEAR('💸 Pay Tracker'!$A$2:$A$80)=2026),'💸 Pay Tracker'!$G$2:$G$80)+SUMPRODUCT(('💸 Pay Tracker'!$C$2:$C$80="YouTube")*(MONTH('💸 Pay Tracker'!$A$2:$A$80)=4)*(YEAR('💸 Pay Tracker'!$A$2:$A$80)=2026)*('💸 Pay Tracker'!$G$2:$G$80=""),'💸 Pay Tracker'!$E$2:$E$80) | C12: =SUMPRODUCT(('💸 Pay Tracker'!$C$2:$C$80="Culture Genesis")*(MONTH('💸 Pay Tracker'!$A$2:$A$80)=4)*(YEAR('💸 Pay Tracker'!$A$2:$A$80)=2026),'💸 Pay Tracker'!$G$2:$G$80)+SUMPRODUCT(('💸 Pay Tracker'!$C$2:$C$80="Culture Genesis")*(MONTH('💸 Pay Tracker'!$A$2:$A$80)=4)*(YEAR('💸 Pay Tracker'!$A$2:$A$80)=2026)*('💸 Pay Tracker'!$G$2:$G$80=""),'💸 Pay Tracker'!$E$2:$E$80) | D12: =SUMPRODUCT(('💸 Pay Tracker'!$C$2:$C$80="Acast")*(MONTH('💸 Pay Tracker'!$A$2:$A$80)=4)*(YEAR('💸 Pay Tracker'!$A$2:$A$80)=2026),'💸 Pay Tracker'!$G$2:$G$80)+SUMPRODUCT(('💸 Pay Tracker'!$C$2:$C$80="Acast")*(MONTH('💸 Pay Tracker'!$A$2:$A$80)=4)*(YEAR('💸 Pay Tracker'!$A$2:$A$80)=2026)*('💸 Pay Tracker'!$G$2:$G$80=""),'💸 Pay Tracker'!$E$2:$E$80) | F12: =SUMPRODUCT(('💸 Pay Tracker'!$C$2:$C$80<>"YouTube")*('💸 Pay Tracker'!$C$2:$C$80<>"Culture Genesis")*('💸 Pay Tracker'!$C$2:$C$80<>"Acast")*('💸 Pay Tracker'!$C$2:$C$80<>"")*(MONTH('💸 Pay Tracker'!$A$2:$A$80)=4)*(YEAR('💸 Pay Tracker'!$A$2:$A$80)=2026),'💸 Pay Tracker'!$G$2:$G$80) | G12: =SUM(B12:F12)
A13: May 2026 | B13: =SUMPRODUCT(('💸 Pay Tracker'!$C$2:$C$80="YouTube")*(MONTH('💸 Pay Tracker'!$A$2:$A$80)=5)*(YEAR('💸 Pay Tracker'!$A$2:$A$80)=2026),'💸 Pay Tracker'!$G$2:$G$80)+SUMPRODUCT(('💸 Pay Tracker'!$C$2:$C$80="YouTube")*(MONTH('💸 Pay Tracker'!$A$2:$A$80)=5)*(YEAR('💸 Pay Tracker'!$A$2:$A$80)=2026)*('💸 Pay Tracker'!$G$2:$G$80=""),'💸 Pay Tracker'!$E$2:$E$80) | C13: =SUMPRODUCT(('💸 Pay Tracker'!$C$2:$C$80="Culture Genesis")*(MONTH('💸 Pay Tracker'!$A$2:$A$80)=5)*(YEAR('💸 Pay Tracker'!$A$2:$A$80)=2026),'💸 Pay Tracker'!$G$2:$G$80)+SUMPRODUCT(('💸 Pay Tracker'!$C$2:$C$80="Culture Genesis")*(MONTH('💸 Pay Tracker'!$A$2:$A$80)=5)*(YEAR('💸 Pay Tracker'!$A$2:$A$80)=2026)*('💸 Pay Tracker'!$G$2:$G$80=""),'💸 Pay Tracker'!$E$2:$E$80) | D13: =SUMPRODUCT(('💸 Pay Tracker'!$C$2:$C$80="Acast")*(MONTH('💸 Pay Tracker'!$A$2:$A$80)=5)*(YEAR('💸 Pay Tracker'!$A$2:$A$80)=2026),'💸 Pay Tracker'!$G$2:$G$80)+SUMPRODUCT(('💸 Pay Tracker'!$C$2:$C$80="Acast")*(MONTH('💸 Pay Tracker'!$A$2:$A$80)=5)*(YEAR('💸 Pay Tracker'!$A$2:$A$80)=2026)*('💸 Pay Tracker'!$G$2:$G$80=""),'💸 Pay Tracker'!$E$2:$E$80) | F13: =SUMPRODUCT(('💸 Pay Tracker'!$C$2:$C$80<>"YouTube")*('💸 Pay Tracker'!$C$2:$C$80<>"Culture Genesis")*('💸 Pay Tracker'!$C$2:$C$80<>"Acast")*('💸 Pay Tracker'!$C$2:$C$80<>"")*(MONTH('💸 Pay Tracker'!$A$2:$A$80)=5)*(YEAR('💸 Pay Tracker'!$A$2:$A$80)=2026),'💸 Pay Tracker'!$G$2:$G$80) | G13: =SUM(B13:F13)
A14: Jun 2026 | B14: =SUMPRODUCT(('💸 Pay Tracker'!$C$2:$C$80="YouTube")*(MONTH('💸 Pay Tracker'!$A$2:$A$80)=6)*(YEAR('💸 Pay Tracker'!$A$2:$A$80)=2026),'💸 Pay Tracker'!$G$2:$G$80)+SUMPRODUCT(('💸 Pay Tracker'!$C$2:$C$80="YouTube")*(MONTH('💸 Pay Tracker'!$A$2:$A$80)=6)*(YEAR('💸 Pay Tracker'!$A$2:$A$80)=2026)*('💸 Pay Tracker'!$G$2:$G$80=""),'💸 Pay Tracker'!$E$2:$E$80) | C14: =SUMPRODUCT(('💸 Pay Tracker'!$C$2:$C$80="Culture Genesis")*(MONTH('💸 Pay Tracker'!$A$2:$A$80)=6)*(YEAR('💸 Pay Tracker'!$A$2:$A$80)=2026),'💸 Pay Tracker'!$G$2:$G$80)+SUMPRODUCT(('💸 Pay Tracker'!$C$2:$C$80="Culture Genesis")*(MONTH('💸 Pay Tracker'!$A$2:$A$80)=6)*(YEAR('💸 Pay Tracker'!$A$2:$A$80)=2026)*('💸 Pay Tracker'!$G$2:$G$80=""),'💸 Pay Tracker'!$E$2:$E$80) | D14: =SUMPRODUCT(('💸 Pay Tracker'!$C$2:$C$80="Acast")*(MONTH('💸 Pay Tracker'!$A$2:$A$80)=6)*(YEAR('💸 Pay Tracker'!$A$2:$A$80)=2026),'💸 Pay Tracker'!$G$2:$G$80)+SUMPRODUCT(('💸 Pay Tracker'!$C$2:$C$80="Acast")*(MONTH('💸 Pay Tracker'!$A$2:$A$80)=6)*(YEAR('💸 Pay Tracker'!$A$2:$A$80)=2026)*('💸 Pay Tracker'!$G$2:$G$80=""),'💸 Pay Tracker'!$E$2:$E$80) | F14: =SUMPRODUCT(('💸 Pay Tracker'!$C$2:$C$80<>"YouTube")*('💸 Pay Tracker'!$C$2:$C$80<>"Culture Genesis")*('💸 Pay Tracker'!$C$2:$C$80<>"Acast")*('💸 Pay Tracker'!$C$2:$C$80<>"")*(MONTH('💸 Pay Tracker'!$A$2:$A$80)=6)*(YEAR('💸 Pay Tracker'!$A$2:$A$80)=2026),'💸 Pay Tracker'!$G$2:$G$80) | G14: =SUM(B14:F14)
A15: Q3 (Apr-Jun '26) | B15: =SUM(B12:B14) | C15: =SUM(C12:C14) | D15: =SUM(D12:D14) | F15: =SUM(F12:F14) | G15: =SUM(G12:G14)
A16: Jul 2026 | B16: =SUMPRODUCT(('💸 Pay Tracker'!$C$2:$C$80="YouTube")*(MONTH('💸 Pay Tracker'!$A$2:$A$80)=7)*(YEAR('💸 Pay Tracker'!$A$2:$A$80)=2026),'💸 Pay Tracker'!$G$2:$G$80)+SUMPRODUCT(('💸 Pay Tracker'!$C$2:$C$80="YouTube")*(MONTH('💸 Pay Tracker'!$A$2:$A$80)=7)*(YEAR('💸 Pay Tracker'!$A$2:$A$80)=2026)*('💸 Pay Tracker'!$G$2:$G$80=""),'💸 Pay Tracker'!$E$2:$E$80) | C16: =SUMPRODUCT(('💸 Pay Tracker'!$C$2:$C$80="Culture Genesis")*(MONTH('💸 Pay Tracker'!$A$2:$A$80)=7)*(YEAR('💸 Pay Tracker'!$A$2:$A$80)=2026),'💸 Pay Tracker'!$G$2:$G$80)+SUMPRODUCT(('💸 Pay Tracker'!$C$2:$C$80="Culture Genesis")*(MONTH('💸 Pay Tracker'!$A$2:$A$80)=7)*(YEAR('💸 Pay Tracker'!$A$2:$A$80)=2026)*('💸 Pay Tracker'!$G$2:$G$80=""),'💸 Pay Tracker'!$E$2:$E$80) | D16: =SUMPRODUCT(('💸 Pay Tracker'!$C$2:$C$80="Acast")*(MONTH('💸 Pay Tracker'!$A$2:$A$80)=7)*(YEAR('💸 Pay Tracker'!$A$2:$A$80)=2026),'💸 Pay Tracker'!$G$2:$G$80)+SUMPRODUCT(('💸 Pay Tracker'!$C$2:$C$80="Acast")*(MONTH('💸 Pay Tracker'!$A$2:$A$80)=7)*(YEAR('💸 Pay Tracker'!$A$2:$A$80)=2026)*('💸 Pay Tracker'!$G$2:$G$80=""),'💸 Pay Tracker'!$E$2:$E$80) | F16: =SUMPRODUCT(('💸 Pay Tracker'!$C$2:$C$80<>"YouTube")*('💸 Pay Tracker'!$C$2:$C$80<>"Culture Genesis")*('💸 Pay Tracker'!$C$2:$C$80<>"Acast")*('💸 Pay Tracker'!$C$2:$C$80<>"")*(MONTH('💸 Pay Tracker'!$A$2:$A$80)=7)*(YEAR('💸 Pay Tracker'!$A$2:$A$80)=2026),'💸 Pay Tracker'!$G$2:$G$80) | G16: =SUM(B16:F16)
A17: Aug 2026 | B17: =SUMPRODUCT(('💸 Pay Tracker'!$C$2:$C$80="YouTube")*(MONTH('💸 Pay Tracker'!$A$2:$A$80)=8)*(YEAR('💸 Pay Tracker'!$A$2:$A$80)=2026),'💸 Pay Tracker'!$G$2:$G$80)+SUMPRODUCT(('💸 Pay Tracker'!$C$2:$C$80="YouTube")*(MONTH('💸 Pay Tracker'!$A$2:$A$80)=8)*(YEAR('💸 Pay Tracker'!$A$2:$A$80)=2026)*('💸 Pay Tracker'!$G$2:$G$80=""),'💸 Pay Tracker'!$E$2:$E$80) | C17: =SUMPRODUCT(('💸 Pay Tracker'!$C$2:$C$80="Culture Genesis")*(MONTH('💸 Pay Tracker'!$A$2:$A$80)=8)*(YEAR('💸 Pay Tracker'!$A$2:$A$80)=2026),'💸 Pay Tracker'!$G$2:$G$80)+SUMPRODUCT(('💸 Pay Tracker'!$C$2:$C$80="Culture Genesis")*(MONTH('💸 Pay Tracker'!$A$2:$A$80)=8)*(YEAR('💸 Pay Tracker'!$A$2:$A$80)=2026)*('💸 Pay Tracker'!$G$2:$G$80=""),'💸 Pay Tracker'!$E$2:$E$80) | D17: =SUMPRODUCT(('💸 Pay Tracker'!$C$2:$C$80="Acast")*(MONTH('💸 Pay Tracker'!$A$2:$A$80)=8)*(YEAR('💸 Pay Tracker'!$A$2:$A$80)=2026),'💸 Pay Tracker'!$G$2:$G$80)+SUMPRODUCT(('💸 Pay Tracker'!$C$2:$C$80="Acast")*(MONTH('💸 Pay Tracker'!$A$2:$A$80)=8)*(YEAR('💸 Pay Tracker'!$A$2:$A$80)=2026)*('💸 Pay Tracker'!$G$2:$G$80=""),'💸 Pay Tracker'!$E$2:$E$80) | F17: =SUMPRODUCT(('💸 Pay Tracker'!$C$2:$C$80<>"YouTube")*('💸 Pay Tracker'!$C$2:$C$80<>"Culture Genesis")*('💸 Pay Tracker'!$C$2:$C$80<>"Acast")*('💸 Pay Tracker'!$C$2:$C$80<>"")*(MONTH('💸 Pay Tracker'!$A$2:$A$80)=8)*(YEAR('💸 Pay Tracker'!$A$2:$A$80)=2026),'💸 Pay Tracker'!$G$2:$G$80) | G17: =SUM(B17:F17)
A18: Sep 2026 | B18: =SUMPRODUCT(('💸 Pay Tracker'!$C$2:$C$80="YouTube")*(MONTH('💸 Pay Tracker'!$A$2:$A$80)=9)*(YEAR('💸 Pay Tracker'!$A$2:$A$80)=2026),'💸 Pay Tracker'!$G$2:$G$80)+SUMPRODUCT(('💸 Pay Tracker'!$C$2:$C$80="YouTube")*(MONTH('💸 Pay Tracker'!$A$2:$A$80)=9)*(YEAR('💸 Pay Tracker'!$A$2:$A$80)=2026)*('💸 Pay Tracker'!$G$2:$G$80=""),'💸 Pay Tracker'!$E$2:$E$80) | C18: =SUMPRODUCT(('💸 Pay Tracker'!$C$2:$C$80="Culture Genesis")*(MONTH('💸 Pay Tracker'!$A$2:$A$80)=9)*(YEAR('💸 Pay Tracker'!$A$2:$A$80)=2026),'💸 Pay Tracker'!$G$2:$G$80)+SUMPRODUCT(('💸 Pay Tracker'!$C$2:$C$80="Culture Genesis")*(MONTH('💸 Pay Tracker'!$A$2:$A$80)=9)*(YEAR('💸 Pay Tracker'!$A$2:$A$80)=2026)*('💸 Pay Tracker'!$G$2:$G$80=""),'💸 Pay Tracker'!$E$2:$E$80) | D18: =SUMPRODUCT(('💸 Pay Tracker'!$C$2:$C$80="Acast")*(MONTH('💸 Pay Tracker'!$A$2:$A$80)=9)*(YEAR('💸 Pay Tracker'!$A$2:$A$80)=2026),'💸 Pay Tracker'!$G$2:$G$80)+SUMPRODUCT(('💸 Pay Tracker'!$C$2:$C$80="Acast")*(MONTH('💸 Pay Tracker'!$A$2:$A$80)=9)*(YEAR('💸 Pay Tracker'!$A$2:$A$80)=2026)*('💸 Pay Tracker'!$G$2:$G$80=""),'💸 Pay Tracker'!$E$2:$E$80) | F18: =SUMPRODUCT(('💸 Pay Tracker'!$C$2:$C$80<>"YouTube")*('💸 Pay Tracker'!$C$2:$C$80<>"Culture Genesis")*('💸 Pay Tracker'!$C$2:$C$80<>"Acast")*('💸 Pay Tracker'!$C$2:$C$80<>"")*(MONTH('💸 Pay Tracker'!$A$2:$A$80)=9)*(YEAR('💸 Pay Tracker'!$A$2:$A$80)=2026),'💸 Pay Tracker'!$G$2:$G$80) | G18: =SUM(B18:F18)
A19: Q4 (Jul-Sep '26) | B19: =SUM(B16:B18) | C19: =SUM(C16:C18) | D19: =SUM(D16:D18) | F19: =SUM(F16:F18) | G19: =SUM(G16:G18)
A20: SEASON TOTAL | B20: =B7+B11+B15+B19 | C20: =C7+C11+C15+C19 | D20: =D7+D11+D15+D19 | F20: =F7+F11+F15+F19 | G20: =G7+G11+G15+G19
A22: REVENUE MIX (FY)
A23: Source | B23: Amount | C23: % of Revenue
A24: YouTube | B24: =B20 | C24: =IF(G20>0,B24/G20,0)
A25: Culture Genesis | B25: =C20 | C25: =IF(G20>0,B25/G20,0)
A26: Acast | B26: =D20 | C26: =IF(G20>0,B26/G20,0)
A27: Other | B27: =F20 | C27: =IF(G20>0,B27/G20,0)

Sheet ⏰ Pay Schedules
A1: Revenue Source | B1: Payment Terms | C1: Typical Pay Day | D1: Min Threshold | E1: Contact/Notes | F1: Who gets paid
A2: YouTube AdSense | B2: NET 25 | C2: 21st-26th of month | D2: $100 | E2: payments.google.com - Richard's account | F2: RTS Directly
A3: Culture Genesis | B3: NET 45 | C3: 30th of month | D3: N/A | E3: Direct sold - check contract for terms | F3: RTS Directly
A4: Acast Audio | B4: NET 30-45 | C4: End of month | D4: $50 | E4: acast.com dashboard - verify payment method | F4: RDM; RTS Reimbursed
A5: Other/Sponsorships | B5: Varies | C5: Per contract | D5: N/A | E5: Track individually per deal
A6: Backyad Ventures | B6: 30-90 net | C6: Contact: Zach + John & Kavan | E6: 15th of every month will get paid, lump sum, review airtable for details
A7: Meta/Threads | B7: TBD
A8: Happy Jewelers | B8: TBD
A9: Uptides | B9: TBD
A12: RDM gets paid from Acast once/month.

Sheet 🧾 Reimbursements
A1: MONTHLY & QUARTERLY REVENUE
A2: Season: Oct 2025 - Sep 2026
A3: Month | B3: YouTube | C3: Culture Genesis | D3: Acast | E3: Backyard Ventures | F3: Other | G3: MONTHLY TOTAL
A4: 45870 | B4: 0 | C4: 0 | D4: ='💸 Pay Tracker'!E2 | E4: 0 | F4: 0 | G4: 0
A5: 45901 | B5: 0 | C5: 0 | D5: ='💸 Pay Tracker'!E4 | E5: 0 | F5: 0 | G5: 0
A6: Oct 2025 | B6: 0 | C6: 0 | D6: ='💸 Pay Tracker'!E5 | E6: 0 | F6: =SUMPRODUCT(('💸 Pay Tracker'!$C$2:$C$80<>"YouTube")*('💸 Pay Tracker'!$C$2:$C$80<>"Culture Genesis")*('💸 Pay Tracker'!$C$2:$C$80<>"Acast")*('💸 Pay Tracker'!$C$2:$C$80<>"")*(MONTH('💸 Pay Tracker'!$A$2:$A$80)=10)*(YEAR('💸 Pay Tracker'!$A$2:$A$80)=2025),'💸 Pay Tracker'!$G$2:$G$80) | G6: =SUM(B6:F6)
A7: Nov 2025 | B7: 0 | C7: 0 | D7: ='💸 Pay Tracker'!E6 | E7: 0 | F7: =SUMPRODUCT(('💸 Pay Tracker'!$C$2:$C$80<>"YouTube")*('💸 Pay Tracker'!$C$2:$C$80<>"Culture Genesis")*('💸 Pay Tracker'!$C$2:$C$80<>"Acast")*('💸 Pay Tracker'!$C$2:$C$80<>"")*(MONTH('💸 Pay Tracker'!$A$2:$A$80)=11)*(YEAR('💸 Pay Tracker'!$A$2:$A$80)=2025),'💸 Pay Tracker'!$G$2:$G$80) | G7: =SUM(B7:F7)
A8: Dec 2025 | B8: =SUMPRODUCT(('💸 Pay Tracker'!$C$2:$C$80="YouTube")*(MONTH('💸 Pay Tracker'!$A$2:$A$80)=12)*(YEAR('💸 Pay Tracker'!$A$2:$A$80)=2025),'💸 Pay Tracker'!$G$2:$G$80)+SUMPRODUCT(('💸 Pay Tracker'!$C$2:$C$80="YouTube")*(MONTH('💸 Pay Tracker'!$A$2:$A$80)=12)*(YEAR('💸 Pay Tracker'!$A$2:$A$80)=2025)*('💸 Pay Tracker'!$G$2:$G$80=""),'💸 Pay Tracker'!$E$2:$E$80) | C8: =SUMPRODUCT(('💸 Pay Tracker'!$C$2:$C$80="Culture Genesis")*(MONTH('💸 Pay Tracker'!$A$2:$A$80)=12)*(YEAR('💸 Pay Tracker'!$A$2:$A$80)=2025),'💸 Pay Tracker'!$G$2:$G$80)+SUMPRODUCT(('💸 Pay Tracker'!$C$2:$C$80="Culture Genesis")*(MONTH('💸 Pay Tracker'!$A$2:$A$80)=12)*(YEAR('💸 Pay Tracker'!$A$2:$A$80)=2025)*('💸 Pay Tracker'!$G$2:$G$80=""),'💸 Pay Tracker'!$E$2:$E$80) | D8: ='💸 Pay Tracker'!E7 | E8: 0 | F8: =SUMPRODUCT(('💸 Pay Tracker'!$C$2:$C$80<>"YouTube")*('💸 Pay Tracker'!$C$2:$C$80<>"Culture Genesis")*('💸 Pay Tracker'!$C$2:$C$80<>"Acast")*('💸 Pay Tracker'!$C$2:$C$80<>"")*(MONTH('💸 Pay Tracker'!$A$2:$A$80)=12)*(YEAR('💸 Pay Tracker'!$A$2:$A$80)=2025),'💸 Pay Tracker'!$G$2:$G$80) | G8: =SUM(B8:F8)
A9: Q1 (Oct-Dec '25) | B9: =SUM(B6:B8) | C9: =SUM(C6:C8) | D9: =SUM(D6:D8) | F9: =SUM(F6:F8) | G9: =SUM(G6:G8)
A10: Jan 2026 | B10: =SUMPRODUCT(('💸 Pay Tracker'!$C$2:$C$80="YouTube")*(MONTH('💸 Pay Tracker'!$A$2:$A$80)=1)*(YEAR('💸 Pay Tracker'!$A$2:$A$80)=2026),'💸 Pay Tracker'!$G$2:$G$80)+SUMPRODUCT(('💸 Pay Tracker'!$C$2:$C$80="YouTube")*(MONTH('💸 Pay Tracker'!$A$2:$A$80)=1)*(YEAR('💸 Pay Tracker'!$A$2:$A$80)=2026)*('💸 Pay Tracker'!$G$2:$G$80=""),'💸 Pay Tracker'!$E$2:$E$80) | C10: =SUMPRODUCT(('💸 Pay Tracker'!$C$2:$C$80="Culture Genesis")*(MONTH('💸 Pay Tracker'!$A$2:$A$80)=1)*(YEAR('💸 Pay Tracker'!$A$2:$A$80)=2026),'💸 Pay Tracker'!$G$2:$G$80)+SUMPRODUCT(('💸 Pay Tracker'!$C$2:$C$80="Culture Genesis")*(MONTH('💸 Pay Tracker'!$A$2:$A$80)=1)*(YEAR('💸 Pay Tracker'!$A$2:$A$80)=2026)*('💸 Pay Tracker'!$G$2:$G$80=""),'💸 Pay Tracker'!$E$2:$E$80) | D10: =SUMPRODUCT(('💸 Pay Tracker'!$C$2:$C$80="Acast")*(MONTH('💸 Pay Tracker'!$A$2:$A$80)=1)*(YEAR('💸 Pay Tracker'!$A$2:$A$80)=2026),'💸 Pay Tracker'!$G$2:$G$80)+SUMPRODUCT(('💸 Pay Tracker'!$C$2:$C$80="Acast")*(MONTH('💸 Pay Tracker'!$A$2:$A$80)=1)*(YEAR('💸 Pay Tracker'!$A$2:$A$80)=2026)*('💸 Pay Tracker'!$G$2:$G$80=""),'💸 Pay Tracker'!$E$2:$E$80) | F10: =SUMPRODUCT(('💸 Pay Tracker'!$C$2:$C$80<>"YouTube")*('💸 Pay Tracker'!$C$2:$C$80<>"Culture Genesis")*('💸 Pay Tracker'!$C$2:$C$80<>"Acast")*('💸 Pay Tracker'!$C$2:$C$80<>"")*(MONTH('💸 Pay Tracker'!$A$2:$A$80)=1)*(YEAR('💸 Pay Tracker'!$A$2:$A$80)=2026),'💸 Pay Tracker'!$G$2:$G$80) | G10: =SUM(B10:F10)
A11: Feb 2026 | B11: =SUMPRODUCT(('💸 Pay Tracker'!$C$2:$C$80="YouTube")*(MONTH('💸 Pay Tracker'!$A$2:$A$80)=2)*(YEAR('💸 Pay Tracker'!$A$2:$A$80)=2026),'💸 Pay Tracker'!$G$2:$G$80)+SUMPRODUCT(('💸 Pay Tracker'!$C$2:$C$80="YouTube")*(MONTH('💸 Pay Tracker'!$A$2:$A$80)=2)*(YEAR('💸 Pay Tracker'!$A$2:$A$80)=2026)*('💸 Pay Tracker'!$G$2:$G$80=""),'💸 Pay Tracker'!$E$2:$E$80) | C11: =SUMPRODUCT(('💸 Pay Tracker'!$C$2:$C$80="Culture Genesis")*(MONTH('💸 Pay Tracker'!$A$2:$A$80)=2)*(YEAR('💸 Pay Tracker'!$A$2:$A$80)=2026),'💸 Pay Tracker'!$G$2:$G$80)+SUMPRODUCT(('💸 Pay Tracker'!$C$2:$C$80="Culture Genesis")*(MONTH('💸 Pay Tracker'!$A$2:$A$80)=2)*(YEAR('💸 Pay Tracker'!$A$2:$A$80)=2026)*('💸 Pay Tracker'!$G$2:$G$80=""),'💸 Pay Tracker'!$E$2:$E$80) | D11: =SUMPRODUCT(('💸 Pay Tracker'!$C$2:$C$80="Acast")*(MONTH('💸 Pay Tracker'!$A$2:$A$80)=2)*(YEAR('💸 Pay Tracker'!$A$2:$A$80)=2026),'💸 Pay Tracker'!$G$2:$G$80)+SUMPRODUCT(('💸 Pay Tracker'!$C$2:$C$80="Acast")*(MONTH('💸 Pay Tracker'!$A$2:$A$80)=2)*(YEAR('💸 Pay Tracker'!$A$2:$A$80)=2026)*('💸 Pay Tracker'!$G$2:$G$80=""),'💸 Pay Tracker'!$E$2:$E$80) | F11: =SUMPRODUCT(('💸 Pay Tracker'!$C$2:$C$80<>"YouTube")*('💸 Pay Tracker'!$C$2:$C$80<>"Culture Genesis")*('💸 Pay Tracker'!$C$2:$C$80<>"Acast")*('💸 Pay Tracker'!$C$2:$C$80<>"")*(MONTH('💸 Pay Tracker'!$A$2:$A$80)=2)*(YEAR('💸 Pay Tracker'!$A$2:$A$80)=2026),'💸 Pay Tracker'!$G$2:$G$80) | G11: =SUM(B11:F11)
A12: Mar 2026 | B12: =SUMPRODUCT(('💸 Pay Tracker'!$C$2:$C$80="YouTube")*(MONTH('💸 Pay Tracker'!$A$2:$A$80)=3)*(YEAR('💸 Pay Tracker'!$A$2:$A$80)=2026),'💸 Pay Tracker'!$G$2:$G$80)+SUMPRODUCT(('💸 Pay Tracker'!$C$2:$C$80="YouTube")*(MONTH('💸 Pay Tracker'!$A$2:$A$80)=3)*(YEAR('💸 Pay Tracker'!$A$2:$A$80)=2026)*('💸 Pay Tracker'!$G$2:$G$80=""),'💸 Pay Tracker'!$E$2:$E$80) | C12: =SUMPRODUCT(('💸 Pay Tracker'!$C$2:$C$80="Culture Genesis")*(MONTH('💸 Pay Tracker'!$A$2:$A$80)=3)*(YEAR('💸 Pay Tracker'!$A$2:$A$80)=2026),'💸 Pay Tracker'!$G$2:$G$80)+SUMPRODUCT(('💸 Pay Tracker'!$C$2:$C$80="Culture Genesis")*(MONTH('💸 Pay Tracker'!$A$2:$A$80)=3)*(YEAR('💸 Pay Tracker'!$A$2:$A$80)=2026)*('💸 Pay Tracker'!$G$2:$G$80=""),'💸 Pay Tracker'!$E$2:$E$80) | D12: =SUMPRODUCT(('💸 Pay Tracker'!$C$2:$C$80="Acast")*(MONTH('💸 Pay Tracker'!$A$2:$A$80)=3)*(YEAR('💸 Pay Tracker'!$A$2:$A$80)=2026),'💸 Pay Tracker'!$G$2:$G$80)+SUMPRODUCT(('💸 Pay Tracker'!$C$2:$C$80="Acast")*(MONTH('💸 Pay Tracker'!$A$2:$A$80)=3)*(YEAR('💸 Pay Tracker'!$A$2:$A$80)=2026)*('💸 Pay Tracker'!$G$2:$G$80=""),'💸 Pay Tracker'!$E$2:$E$80) | F12: =SUMPRODUCT(('💸 Pay Tracker'!$C$2:$C$80<>"YouTube")*('💸 Pay Tracker'!$C$2:$C$80<>"Culture Genesis")*('💸 Pay Tracker'!$C$2:$C$80<>"Acast")*('💸 Pay Tracker'!$C$2:$C$80<>"")*(MONTH('💸 Pay Tracker'!$A$2:$A$80)=3)*(YEAR('💸 Pay Tracker'!$A$2:$A$80)=2026),'💸 Pay Tracker'!$G$2:$G$80) | G12: =SUM(B12:F12)
A13: Q2 (Jan-Mar '26) | B13: =SUM(B10:B12) | C13: =SUM(C10:C12) | D13: =SUM(D10:D12) | F13: =SUM(F10:F12) | G13: =SUM(G10:G12)
A14: Apr 2026 | B14: =SUMPRODUCT(('💸 Pay Tracker'!$C$2:$C$80="YouTube")*(MONTH('💸 Pay Tracker'!$A$2:$A$80)=4)*(YEAR('💸 Pay Tracker'!$A$2:$A$80)=2026),'💸 Pay Tracker'!$G$2:$G$80)+SUMPRODUCT(('💸 Pay Tracker'!$C$2:$C$80="YouTube")*(MONTH('💸 Pay Tracker'!$A$2:$A$80)=4)*(YEAR('💸 Pay Tracker'!$A$2:$A$80)=2026)*('💸 Pay Tracker'!$G$2:$G$80=""),'💸 Pay Tracker'!$E$2:$E$80) | C14: =SUMPRODUCT(('💸 Pay Tracker'!$C$2:$C$80="Culture Genesis")*(MONTH('💸 Pay Tracker'!$A$2:$A$80)=4)*(YEAR('💸 Pay Tracker'!$A$2:$A$80)=2026),'💸 Pay Tracker'!$G$2:$G$80)+SUMPRODUCT(('💸 Pay Tracker'!$C$2:$C$80="Culture Genesis")*(MONTH('💸 Pay Tracker'!$A$2:$A$80)=4)*(YEAR('💸 Pay Tracker'!$A$2:$A$80)=2026)*('💸 Pay Tracker'!$G$2:$G$80=""),'💸 Pay Tracker'!$E$2:$E$80) | D14: =SUMPRODUCT(('💸 Pay Tracker'!$C$2:$C$80="Acast")*(MONTH('💸 Pay Tracker'!$A$2:$A$80)=4)*(YEAR('💸 Pay Tracker'!$A$2:$A$80)=2026),'💸 Pay Tracker'!$G$2:$G$80)+SUMPRODUCT(('💸 Pay Tracker'!$C$2:$C$80="Acast")*(MONTH('💸 Pay Tracker'!$A$2:$A$80)=4)*(YEAR('💸 Pay Tracker'!$A$2:$A$80)=2026)*('💸 Pay Tracker'!$G$2:$G$80=""),'💸 Pay Tracker'!$E$2:$E$80) | F14: =SUMPRODUCT(('💸 Pay Tracker'!$C$2:$C$80<>"YouTube")*('💸 Pay Tracker'!$C$2:$C$80<>"Culture Genesis")*('💸 Pay Tracker'!$C$2:$C$80<>"Acast")*('💸 Pay Tracker'!$C$2:$C$80<>"")*(MONTH('💸 Pay Tracker'!$A$2:$A$80)=4)*(YEAR('💸 Pay Tracker'!$A$2:$A$80)=2026),'💸 Pay Tracker'!$G$2:$G$80) | G14: =SUM(B14:F14)
A15: May 2026 | B15: =SUMPRODUCT(('💸 Pay Tracker'!$C$2:$C$80="YouTube")*(MONTH('💸 Pay Tracker'!$A$2:$A$80)=5)*(YEAR('💸 Pay Tracker'!$A$2:$A$80)=2026),'💸 Pay Tracker'!$G$2:$G$80)+SUMPRODUCT(('💸 Pay Tracker'!$C$2:$C$80="YouTube")*(MONTH('💸 Pay Tracker'!$A$2:$A$80)=5)*(YEAR('💸 Pay Tracker'!$A$2:$A$80)=2026)*('💸 Pay Tracker'!$G$2:$G$80=""),'💸 Pay Tracker'!$E$2:$E$80) | C15: =SUMPRODUCT(('💸 Pay Tracker'!$C$2:$C$80="Culture Genesis")*(MONTH('💸 Pay Tracker'!$A$2:$A$80)=5)*(YEAR('💸 Pay Tracker'!$A$2:$A$80)=2026),'💸 Pay Tracker'!$G$2:$G$80)+SUMPRODUCT(('💸 Pay Tracker'!$C$2:$C$80="Culture Genesis")*(MONTH('💸 Pay Tracker'!$A$2:$A$80)=5)*(YEAR('💸 Pay Tracker'!$A$2:$A$80)=2026)*('💸 Pay Tracker'!$G$2:$G$80=""),'💸 Pay Tracker'!$E$2:$E$80) | D15: =SUMPRODUCT(('💸 Pay Tracker'!$C$2:$C$80="Acast")*(MONTH('💸 Pay Tracker'!$A$2:$A$80)=5)*(YEAR('💸 Pay Tracker'!$A$2:$A$80)=2026),'💸 Pay Tracker'!$G$2:$G$80)+SUMPRODUCT(('💸 Pay Tracker'!$C$2:$C$80="Acast")*(MONTH('💸 Pay Tracker'!$A$2:$A$80)=5)*(YEAR('💸 Pay Tracker'!$A$2:$A$80)=2026)*('💸 Pay Tracker'!$G$2:$G$80=""),'💸 Pay Tracker'!$E$2:$E$80) | F15: =SUMPRODUCT(('💸 Pay Tracker'!$C$2:$C$80<>"YouTube")*('💸 Pay Tracker'!$C$2:$C$80<>"Culture Genesis")*('💸 Pay Tracker'!$C$2:$C$80<>"Acast")*('💸 Pay Tracker'!$C$2:$C$80<>"")*(MONTH('💸 Pay Tracker'!$A$2:$A$80)=5)*(YEAR('💸 Pay Tracker'!$A$2:$A$80)=2026),'💸 Pay Tracker'!$G$2:$G$80) | G15: =SUM(B15:F15)
A16: Jun 2026 | B16: =SUMPRODUCT(('💸 Pay Tracker'!$C$2:$C$80="YouTube")*(MONTH('💸 Pay Tracker'!$A$2:$A$80)=6)*(YEAR('💸 Pay Tracker'!$A$2:$A$80)=2026),'💸 Pay Tracker'!$G$2:$G$80)+SUMPRODUCT(('💸 Pay Tracker'!$C$2:$C$80="YouTube")*(MONTH('💸 Pay Tracker'!$A$2:$A$80)=6)*(YEAR('💸 Pay Tracker'!$A$2:$A$80)=2026)*('💸 Pay Tracker'!$G$2:$G$80=""),'💸 Pay Tracker'!$E$2:$E$80) | C16: =SUMPRODUCT(('💸 Pay Tracker'!$C$2:$C$80="Culture Genesis")*(MONTH('💸 Pay Tracker'!$A$2:$A$80)=6)*(YEAR('💸 Pay Tracker'!$A$2:$A$80)=2026),'💸 Pay Tracker'!$G$2:$G$80)+SUMPRODUCT(('💸 Pay Tracker'!$C$2:$C$80="Culture Genesis")*(MONTH('💸 Pay Tracker'!$A$2:$A$80)=6)*(YEAR('💸 Pay Tracker'!$A$2:$A$80)=2026)*('💸 Pay Tracker'!$G$2:$G$80=""),'💸 Pay Tracker'!$E$2:$E$80) | D16: =SUMPRODUCT(('💸 Pay Tracker'!$C$2:$C$80="Acast")*(MONTH('💸 Pay Tracker'!$A$2:$A$80)=6)*(YEAR('💸 Pay Tracker'!$A$2:$A$80)=2026),'💸 Pay Tracker'!$G$2:$G$80)+SUMPRODUCT(('💸 Pay Tracker'!$C$2:$C$80="Acast")*(MONTH('💸 Pay Tracker'!$A$2:$A$80)=6)*(YEAR('💸 Pay Tracker'!$A$2:$A$80)=2026)*('💸 Pay Tracker'!$G$2:$G$80=""),'💸 Pay Tracker'!$E$2:$E$80) | F16: =SUMPRODUCT(('💸 Pay Tracker'!$C$2:$C$80<>"YouTube")*('💸 Pay Tracker'!$C$2:$C$80<>"Culture Genesis")*('💸 Pay Tracker'!$C$2:$C$80<>"Acast")*('💸 Pay Tracker'!$C$2:$C$80<>"")*(MONTH('💸 Pay Tracker'!$A$2:$A$80)=6)*(YEAR('💸 Pay Tracker'!$A$2:$A$80)=2026),'💸 Pay Tracker'!$G$2:$G$80) | G16: =SUM(B16:F16)
A17: Q3 (Apr-Jun '26) | B17: =SUM(B14:B16) | C17: =SUM(C14:C16) | D17: =SUM(D14:D16) | F17: =SUM(F14:F16) | G17: =SUM(G14:G16)
A18: Jul 2026 | B18: =SUMPRODUCT(('💸 Pay Tracker'!$C$2:$C$80="YouTube")*(MONTH('💸 Pay Tracker'!$A$2:$A$80)=7)*(YEAR('💸 Pay Tracker'!$A$2:$A$80)=2026),'💸 Pay Tracker'!$G$2:$G$80)+SUMPRODUCT(('💸 Pay Tracker'!$C$2:$C$80="YouTube")*(MONTH('💸 Pay Tracker'!$A$2:$A$80)=7)*(YEAR('💸 Pay Tracker'!$A$2:$A$80)=2026)*('💸 Pay Tracker'!$G$2:$G$80=""),'💸 Pay Tracker'!$E$2:$E$80) | C18: =SUMPRODUCT(('💸 Pay Tracker'!$C$2:$C$80="Culture Genesis")*(MONTH('💸 Pay Tracker'!$A$2:$A$80)=7)*(YEAR('💸 Pay Tracker'!$A$2:$A$80)=2026),'💸 Pay Tracker'!$G$2:$G$80)+SUMPRODUCT(('💸 Pay Tracker'!$C$2:$C$80="Culture Genesis")*(MONTH('💸 Pay Tracker'!$A$2:$A$80)=7)*(YEAR('💸 Pay Tracker'!$A$2:$A$80)=2026)*('💸 Pay Tracker'!$G$2:$G$80=""),'💸 Pay Tracker'!$E$2:$E$80) | D18: =SUMPRODUCT(('💸 Pay Tracker'!$C$2:$C$80="Acast")*(MONTH('💸 Pay Tracker'!$A$2:$A$80)=7)*(YEAR('💸 Pay Tracker'!$A$2:$A$80)=2026),'💸 Pay Tracker'!$G$2:$G$80)+SUMPRODUCT(('💸 Pay Tracker'!$C$2:$C$80="Acast")*(MONTH('💸 Pay Tracker'!$A$2:$A$80)=7)*(YEAR('💸 Pay Tracker'!$A$2:$A$80)=2026)*('💸 Pay Tracker'!$G$2:$G$80=""),'💸 Pay Tracker'!$E$2:$E$80) | F18: =SUMPRODUCT(('💸 Pay Tracker'!$C$2:$C$80<>"YouTube")*('💸 Pay Tracker'!$C$2:$C$80<>"Culture Genesis")*('💸 Pay Tracker'!$C$2:$C$80<>"Acast")*('💸 Pay Tracker'!$C$2:$C$80<>"")*(MONTH('💸 Pay Tracker'!$A$2:$A$80)=7)*(YEAR('💸 Pay Tracker'!$A$2:$A$80)=2026),'💸 Pay Tracker'!$G$2:$G$80) | G18: =SUM(B18:F18)
A19: Aug 2026 | B19: =SUMPRODUCT(('💸 Pay Tracker'!$C$2:$C$80="YouTube")*(MONTH('💸 Pay Tracker'!$A$2:$A$80)=8)*(YEAR('💸 Pay Tracker'!$A$2:$A$80)=2026),'💸 Pay Tracker'!$G$2:$G$80)+SUMPRODUCT(('💸 Pay Tracker'!$C$2:$C$80="YouTube")*(MONTH('💸 Pay Tracker'!$A$2:$A$80)=8)*(YEAR('💸 Pay Tracker'!$A$2:$A$80)=2026)*('💸 Pay Tracker'!$G$2:$G$80=""),'💸 Pay Tracker'!$E$2:$E$80) | C19: =SUMPRODUCT(('💸 Pay Tracker'!$C$2:$C$80="Culture Genesis")*(MONTH('💸 Pay Tracker'!$A$2:$A$80)=8)*(YEAR('💸 Pay Tracker'!$A$2:$A$80)=2026),'💸 Pay Tracker'!$G$2:$G$80)+SUMPRODUCT(('💸 Pay Tracker'!$C$2:$C$80="Culture Genesis")*(MONTH('💸 Pay Tracker'!$A$2:$A$80)=8)*(YEAR('💸 Pay Tracker'!$A$2:$A$80)=2026)*('💸 Pay Tracker'!$G$2:$G$80=""),'💸 Pay Tracker'!$E$2:$E$80) | D19: =SUMPRODUCT(('💸 Pay Tracker'!$C$2:$C$80="Acast")*(MONTH('💸 Pay Tracker'!$A$2:$A$80)=8)*(YEAR('💸 Pay Tracker'!$A$2:$A$80)=2026),'💸 Pay Tracker'!$G$2:$G$80)+SUMPRODUCT(('💸 Pay Tracker'!$C$2:$C$80="Acast")*(MONTH('💸 Pay Tracker'!$A$2:$A$80)=8)*(YEAR('💸 Pay Tracker'!$A$2:$A$80)=2026)*('💸 Pay Tracker'!$G$2:$G$80=""),'💸 Pay Tracker'!$E$2:$E$80) | F19: =SUMPRODUCT(('💸 Pay Tracker'!$C$2:$C$80<>"YouTube")*('💸 Pay Tracker'!$C$2:$C$80<>"Culture Genesis")*('💸 Pay Tracker'!$C$2:$C$80<>"Acast")*('💸 Pay Tracker'!$C$2:$C$80<>"")*(MONTH('💸 Pay Tracker'!$A$2:$A$80)=8)*(YEAR('💸 Pay Tracker'!$A$2:$A$80)=2026),'💸 Pay Tracker'!$G$2:$G$80) | G19: =SUM(B19:F19)
A20: Sep 2026 | B20: =SUMPRODUCT(('💸 Pay Tracker'!$C$2:$C$80="YouTube")*(MONTH('💸 Pay Tracker'!$A$2:$A$80)=9)*(YEAR('💸 Pay Tracker'!$A$2:$A$80)=2026),'💸 Pay Tracker'!$G$2:$G$80)+SUMPRODUCT(('💸 Pay Tracker'!$C$2:$C$80="YouTube")*(MONTH('💸 Pay Tracker'!$A$2:$A$80)=9)*(YEAR('💸 Pay Tracker'!$A$2:$A$80)=2026)*('💸 Pay Tracker'!$G$2:$G$80=""),'💸 Pay Tracker'!$E$2:$E$80) | C20: =SUMPRODUCT(('💸 Pay Tracker'!$C$2:$C$80="Culture Genesis")*(MONTH('💸 Pay Tracker'!$A$2:$A$80)=9)*(YEAR('💸 Pay Tracker'!$A$2:$A$80)=2026),'💸 Pay Tracker'!$G$2:$G$80)+SUMPRODUCT(('💸 Pay Tracker'!$C$2:$C$80="Culture Genesis")*(MONTH('💸 Pay Tracker'!$A$2:$A$80)=9)*(YEAR('💸 Pay Tracker'!$A$2:$A$80)=2026)*('💸 Pay Tracker'!$G$2:$G$80=""),'💸 Pay Tracker'!$E$2:$E$80) | D20: =SUMPRODUCT(('💸 Pay Tracker'!$C$2:$C$80="Acast")*(MONTH('💸 Pay Tracker'!$A$2:$A$80)=9)*(YEAR('💸 Pay Tracker'!$A$2:$A$80)=2026),'💸 Pay Tracker'!$G$2:$G$80)+SUMPRODUCT(('💸 Pay Tracker'!$C$2:$C$80="Acast")*(MONTH('💸 Pay Tracker'!$A$2:$A$80)=9)*(YEAR('💸 Pay Tracker'!$A$2:$A$80)=2026)*('💸 Pay Tracker'!$G$2:$G$80=""),'💸 Pay Tracker'!$E$2:$E$80) | F20: =SUMPRODUCT(('💸 Pay Tracker'!$C$2:$C$80<>"YouTube")*('💸 Pay Tracker'!$C$2:$C$80<>"Culture Genesis")*('💸 Pay Tracker'!$C$2:$C$80<>"Acast")*('💸 Pay Tracker'!$C$2:$C$80<>"")*(MONTH('💸 Pay Tracker'!$A$2:$A$80)=9)*(YEAR('💸 Pay Tracker'!$A$2:$A$80)=2026),'💸 Pay Tracker'!$G$2:$G$80) | G20: =SUM(B20:F20)
A21: Q4 (Jul-Sep '26) | B21: =SUM(B18:B20) | C21: =SUM(C18:C20) | D21: =SUM(D18:D20) | F21: =SUM(F18:F20) | G21: =SUM(G18:G20)
A22: SEASON TOTAL | B22: =B9+B13+B17+B21 | C22: =C9+C13+C17+C21 | D22: =D9+D13+D17+D21 | F22: =F9+F13+F17+F21 | G22: =G9+G13+G17+G21
